CustomerID,CustomerName
C000000000,Shigure Ui
C000000001,Anya Melfissa
C000000002,Koganei Niko
C000000003,Rindo Chihaya
C000000004,Mike Rolphone
C000000005,Mori Calliope
C000000006,Izuki Michiru
C000000007,Fuwawa Abyssguard
C000000008,Mano Aloe
C000000009,Oyama Mihari
C000000010,Airani Iofifteen
C000000011,Yukihana Lamy
C000000012,Momosuzu Nene
C000000013,Kagamihara Nadeshiko
C000000014,Chessed Gamon
C000000015,Tsukumo Sana
C000000016,Mumbo Jumbo
C000000017,Ichijou Ririka
C000000018,Harusaki Nodoka
C000000019,Nekomata Okayu
C000000020,Houshou Marine
C000000021,Kikirara Vivi
C000000022,Raora Panthera
C000000023,Hoshimachi Suisei
C000000024,Moe Lester
C000000025,Mococo Abyssguard
C000000026,Pavolia Reine
C000000027,Sakura Bakushin O
C000000028,Ninomae Inaâ€™nis
C000000029,Todoroki Hajime
C000000030,Roboco-san
C000000031,Otonose Kanade
C000000032,Omaru Polka
C000000033,Julius Caesar
C000000034,Minato Aqua
C000000035,Shiori Novella
C000000036,Ceres Fauna
C000000037,Cudve Benanemil
C000000038,Tsunomaki Watame
C000000039,Nerissa Ravencroft
C000000040,Uruha Rushia
C000000041,Cecilia Immergreen
C000000042,Kasane Teto
C000000043,Yuzuki Choco
C000000044,Gigi Murin
C000000045,Murasaki Shion
C000000046,Aki Rosenthal
C000000047,Nanashi Mumei
C000000048,Hakui Koyori
C000000049,Takanashi Kiara
C000000050,Fiammetta
C000000051,Kobo Kanaeru
C000000052,Don Quixote
C000000053,Amaori Renako
C000000054,Ayunda Risu
C000000055,Shima Rin
C000000056,Yozora Mel
C000000057,Elizabeth Rose Bloodflame
C000000058,Kyle Hill
C000000059,Hiodoshi Ao
C000000060,Kazama Iroha
C000000061,Watson Amelia
C000000062,Tokoyami Towa
C000000063,Riri Zpt
C000000064,Ouro Kronii
C000000065,Kaela Kovalskia
C000000066,Hatsune Miku
C000000067,Shirogane Noel
C000000068,Steven He
C000000069,Sakura Miko
C000000070,Nakiri Ayame
C000000071,Jan Misali
C000000072,Isaki Riona
C000000073,Himemori Luna
C000000074,Takane Lui
C000000075,La+ Darknesss
C000000076,Juufuutei Raden
C000000077,Kiryu Coco
C000000078,Koseki Bijou
C000000079,Akai Haato
C000000080,Vestia Zeta
C000000081,Gawr Gura
C000000082,Oyama Mahiro
C000000083,Irodori Mashiro
C000000084,Hanazono Sayaka
C000000085,IRyS
C000000086,John Franklin Kennedy
C000000087,Sakamata Chloe
C000000088,Mizumiya Su
C000000089,Hitori Gotou
C000000090,Shirakami Fubuki
C000000091,Arcana Eden
C000000092,Moona Hoshinova
C000000093,Agnes Tachyon
C000000094,Leonhard Euler
C000000095,Natsuiro Matsuri
C000000096,Inugami Korone
C000000097,Usada Pekora
C000000098,Oozora Subaru
C000000099,Shiranui Flare
C000000100,Willie Stroker
C000000101,Ookami Mio
C000000102,Kupof Joe
C000000103,Tokino Sora
C000000104,Hakos Baelz
C000000105,Kureiji Ollie
C000000106,Shishiro Botan
C000000107,Awayuki Kokorone
C000000108,Adolf Hitlest
C000000109,Amane Kanata
C000000110,AZKi
C000000111,Altimary
